{
    "$schema": "https://schema.management.azure.com/schemas/2019-04-01/deploymentTemplate.json#",
    "contentVersion": "1.0.0.0",
    "parameters": {
        "bastionHostName": {
            "type": "string",
            "metadata": {
                "description": "description"
            }
        },
        "vNetName": {
           "type": "string",
           "metadata": {
                "description": "description"
            }
        },
        "subnetName": {
            "type": "string",
            "metadata":{
                "description": "description"
            },
            "defaultValue": "AzureBastionSubnet"
        },
        "sku": {
           "type": "string",
           "metadata": {
                "description": "description"
            },
            "defaultValue": "Standard"
        }
    },
    "variables": {
        "publicIpAddressName": "[concat('pip-', parameters('bastionHostName'))]",
        "subnetRef": "[resourceId('Microsoft.Network/virtualNetworks/subnets', parameters('vNetName'), parameters('subnetName'))]"
    },
    "resources": [
        {
            "apiVersion": "2020-03-01",
            "type": "Microsoft.Network/publicIpAddresses",
            "name": "[variables('publicIpAddressName')]",
            "location": "[resourceGroup().location]",
            "sku": {
                "name": "[parameters('sku')]"
            },
            "dependsOn": [
            ],
            "properties": {
                "publicIPAllocationMethod": "Static"
            },
            "tags": {}
        },
        {
            "apiVersion": "2020-11-01",
            "type": "Microsoft.Network/bastionHosts",
            "name": "[parameters('bastionHostName')]",
            "location": "[resourceGroup().location]",
            "dependsOn": [
                "[resourceId('Microsoft.Network/publicIpAddresses', variables('publicIpAddressName'))]"
            ],
            "properties": {
                "ipConfigurations": [
                    {
                        "name": "ipConfig1",
                        "properties": {
                            "subnet": {
                                "id": "[variables('subnetRef')]"
                            },
                            "publicIPAddress": {
                                "id": "[resourceId('Microsoft.Network/publicIpAddresses', variables('publicIpAddressName'))]"
                            }
                        }
                    }
                ]
            },
            "tags": {}
        }
    ],
    "outputs": {}
}
