{
    "$schema": "https://schema.management.azure.com/schemas/2019-04-01/deploymentTemplate.json#",
    "contentVersion": "1.0.0.0",
    "parameters": {
        "objectId": {
            "type": "String"
        },
        "secretName" : {
            "type" : "String"
        },
        "secretValue" : {
            "type" : "SecureString"
        },
        "keyPermissions" : {
            "type" : "array",
            "defaultValue" : [
                "get",
                "list",
                "create",
                "update",
                "delete"
            ]
        },
        "secretPermissions" : {
            "type" : "array",
            "defaultValue" : [
                "get",
                "list",
                "set",
                "delete"
            ]
        },
        "certificatePermissions" : {
            "type" : "array",
            "defaultValue" : [
                "get",
                "list",
                "delete",
                "create",
                "update"
            ]
        }
    },
    "variables": {
        "keyVaultName" : "[concat('team1sepkv-', uniqueString(resourceGroup().id))]"
    },
    "resources": [
        {
            "type": "Microsoft.KeyVault/vaults",
            "name": "[variables('keyVaultName')]",
            "apiVersion": "2019-09-01",
            "location": "[resourceGroup().location]",
            "properties": {
                "enabledForDeployment" : true,
                "enabledForTemplateDeployment" : true,
                "sku": {
                    "family": "A",
                    "name": "Standard"
                },
                "tenantId": "[subscription().tenantId]",
                "accessPolicies": [
                    {
                        "tenantId": "[subscription().tenantId]",
                        "objectId": "[parameters('objectId')]",
                        "permissions": {
                            "keys": "[parameters('keyPermissions')]",
                            "secrets": "[parameters('secretPermissions')]",
                            "certificates" : "[parameters('certificatePermissions')]"
                        }
                    }
                ]
            }
        },
        {
            "type": "Microsoft.KeyVault/vaults/secrets",
            "name": "[concat(variables('keyVaultName'), '/', parameters('secretName'))]",
            "apiVersion": "2019-09-01",
            "location": "[resourceGroup().location]",
            "dependsOn": [
                "[resourceId('Microsoft.KeyVault/vaults', variables('keyVaultName'))]"
            ],
            "properties": {
                "value": "[parameters('secretValue')]",
                "contentType" : "string"
            }
        }
    ],
    "outputs": {}
}