{
  "$schema": "https://schema.management.azure.com/schemas/2019-04-01/deploymentParameters.json#",
  "contentVersion": "1.0.0.0",
  "parameters": {
    "keyVaultName": {
      "value": "kv-team-1-case-arm-we"
    },
    "objectId": {
      "value": "GEN-AZUREAD-OBJECTID"
    },
    "secretsObject": {
      "value": {
          "secrets": [
          {
            "secretName": "exampleSecret1",
            "secretValue": "secretVaule1"
          },
          {
            "secretName": "exampleSecret2",
            "secretValue": "secretValue2"
          }
        ]
      }
    }
  }
}
