{
    "$schema": "https://schema.management.azure.com/schemas/2019-04-01/deploymentTemplate.json#",
    "contentVersion": "1.0.0.0",
    "parameters": {
      "workspaceName": {
        "type": "string",
        "metadata": {
          "description": "Log Analytics Workspace name"
        }
      },
      "sku": {
        "type": "string",
        "defaultValue": "pergb2018",
        "metadata": {
          "description": "Set Log Analytics Pricing Tier"
        }
      },
      "dataRetention": {
        "type": "int",
        "defaultValue": 30,
        "minValue": 7,
        "maxValue": 730,
        "metadata": {
          "description": "Log Analytics Data Retention"
        }
      },
      "location": {
        "type": "string",
        "defaultValue": "[resourceGroup().location]",
        "metadata": {
          "description": "Location in which to create the log analytics workspace."
        }
    }
    },

    "variables": {},

    "resources": [
        {
            "type": "Microsoft.OperationalInsights/workspaces",
            "apiVersion": "2020-10-01",
            "name": "[parameters('workspaceName')]",
            "location": "[parameters('location')]",
            "properties": {
                "sku": {
                    "name": "[parameters('sku')]"
                },
                "retention":"[parameters('dataRetention')]",
                "features": {
                    "enableLogAccessUsingOnlyResourcePermissions": true
                },
                "workspaceCapping": {
                    "dailyQuotaGb": -1
                },
                "publicNetworkAccessForIngestion": "Enabled",
                "publicNetworkAccessForQuery": "Enabled"
            }   
        }
    ],
    
    "outputs": {}
}